Title,Description,Location,Date,Price,Marketed
"Spacious 4 Bedroom Flat, 3 Bedroom Flat With A 2 Bedroom On 800sqm",4 bedroom block of flats for sale,"  Egbeda, Alimosho, Lagos",Added on 11 May 2022,"₦33,000,000 ",Seyiloked International Ltd  09044165315 
Block Of 6 Nos Of 2 Bedroom With A Detached House,15 bedroom flat / apartment for sale,"  Ponle Street, Akowonjo, Alimosho, Lagos",Added on 08 Sep 2022,"₦120,000,000 ",Eden Park Integrated Services  07032095330 
4 Bedroom Duplex,4 bedroom detached duplex for sale,"  Egbeda, Akowonjo, Alimosho, Lagos",Added on 11 Sep 2022,"₦80,000,000 ",Xellencio Services  08036108444 
4 Bedroom Duplex,4 bedroom detached duplex for sale,"  Akowonjo, Egbeda, Alimosho, Lagos",Added on 11 Sep 2022,"₦120,000,000 ",Divineint Homes And Properties  +2349068611538 
A Well Maintained 4 Numbers Of 3 Bedrooms Flats. Building Converted,Block of flats for sale,"  Adewole Street, Egbeda, Alimosho, Lagos",Added on 09 Sep 2022,"₦65,000,000 ",The Home Properties. A Division Of Onozefe Uzuazor Bridget Enterprise  07034194181 
Twin 2 Bedrooms Bungalow,4 bedroom detached bungalow for sale,"  King David's Express Road, Alimosho, Lagos",Added on 08 Sep 2022,"₦14,000,000 ",Ayotola Ventures  09033421241 
Modern 2 Unit Of 3 Bedroom Flat Up And Down With C Of O,3 bedroom block of flats for sale,"  Iroko Estate, Isheri Olofin, Alimosho, Lagos",Added on 08 Sep 2022,"₦46,000,000 ",Cnn Global Properties  08060071344 
Cheap Bungalow,5 bedroom detached bungalow for sale,"  King David's Express Road, Alimosho, Lagos",Added on 08 Sep 2022,"₦11,000,000 ",Ayotola Ventures  09033421241 
"A Super 5 Bedroom Duplex With Bq, Swimming Pool",5 bedroom detached duplex for sale,"  Olorunfemi Estate,, Igando, Alimosho, Lagos",Added on 07 Sep 2022,"₦70,000,000 ",Cnn Global Properties  08060071344 
Classic 5 Bedroom Duplex,5 bedroom detached duplex for sale,"  Gowon Estate,, Egbeda, Alimosho, Lagos",Added on 07 Sep 2022,"₦110,000,000 ",Cnn Global Properties  08060071344 
21 Plots Of Dry Land,Mixed-use land for sale,"  Afolabi Street Close To The Express, Akesan, Alimosho, Lagos",Added on 07 Sep 2022,"₦315,000,000 ",Cnn Global Properties  08060071344 
5 Bedroom Duplex With 2 Units Of 2 Bedroom Separate Gate..,5 bedroom detached duplex for sale,"  Peace Estate, Egbeda, Alimosho, Lagos",Added on 07 Sep 2022,"₦120,000,000 ",Otto H&o Limited  08061407613 
Warehouse/hall/event Center,Warehouse for sale,"  Lagos - Abeokuta Express Way, Alimosho, Lagos",Added on 06 Sep 2022,"₦120,000,000 ",Capri Homes  +2348033071220 
New Luxury 4 Bedroom Duplex With Two Numbers Of 2 Bedroom Flat,8 bedroom detached duplex for sale,"  Egbeda, Alimosho, Lagos",Added on 06 Sep 2022,"₦60,000,000 ",Temitope Global Team Services  07033714272 
Standard 600sqm Land In A Gated Estate With Maximum Security,Residential land for sale,"  Egbeda, Alimosho, Lagos",Added on 06 Sep 2022,"₦30,000,000 ",Temitope Global Team Services  07033714272 
Affordable Land Within An Estate,Residential land for sale,"  Obadore, Lasu - Isheri Igando Road, Alimosho, Lagos",Added on 15 Nov 2021,"₦3,500,000 per plot ",Edge Homes Properties & Real Estate Ltd  08107137233 
Luxury 5 Bedroom Duplex Plus 2 Room Bq,5 bedroom detached duplex for sale,"  Gowon Estate, Egbeda, Alimosho, Lagos",Added on 05 Sep 2022,"₦135,000,000 ",Anibal Properties Global Logistics Limited  08103087198 
Standard Plot Of Land In A Good And Accessible Location,Residential land for sale,"  Isheri Olofin, Alimosho, Lagos",Added on 05 Sep 2022,"₦13,000,000 ",Temitope Global Team Services  07033714272 
Commercial Licenced School Of 13 Class Room With Two Hall Of 40 Capacity,School for sale,"  Egbeda, Alimosho, Lagos",Added on 05 Sep 2022,"₦80,000,000 ",Temitope Global Team Services  07033714272 
Luxury Standard 4 Flat Of 3 Bedroom With Shop.c Of O,3 bedroom block of flats for sale,"  Gated Estate Shasha Akowonjo, Shasha, Alimosho, Lagos",Added on 04 Sep 2022,"₦55,000,000 ",Temitope Global Team Services  07033714272 
Title,Description,Location,Date,Price,Marketed
New Luxury 5 Bedroom Duplex With 2 Rooms Bq In A Gated Estate,5 bedroom detached duplex for sale,"  Gowon Estate, Egbeda, Alimosho, Lagos",Added on 03 Sep 2022,"₦120,000,000 ",Temitope Global Team Services  07033714272 
Standard 5 Bedroom Duplex With 2 Number 3 Bedroom Flat On 716sqm Land,11 bedroom detached duplex for sale,"  Unity Estate, Egbeda, Alimosho, Lagos",Added on 03 Sep 2022,"₦36,000,000 ",Temitope Global Team Services  07033714272 
4 Bedroom Detached Duplex On A Plot Of Land,4 bedroom house for sale,"  Egbeda, Alimosho, Lagos",Added on 02 Sep 2022,"₦75,000,000 ",Oluwole Oluseyi & Co.  08039426967 
Land,Land for sale,"  Vip Gardens, Boy Town Estate, Alimosho, Lagos",Added on 10 Jul 2022,"₦25,000,000 ",Pertinence Limited  O7064267811 
16 Units Block Of Flats-apartments,Block of flats for sale,"  Odukoya Estate., Akowonjo, Alimosho, Lagos",Added on 24 Aug 2022,"₦270,000,000 ",Johnolans Properties Limited  07089328307 
Block Of 4 Flats,12 bedroom block of flats for sale,"  Akowonjo, Alimosho, Lagos",Added on 30 Aug 2022,"₦70,000,000 ",Eden Park Integrated Services  07032095330 
5 Bedroom Fully Detached Duplex,5 bedroom detached duplex for sale,"  Egbeda, Alimosho, Lagos",Added on 30 Aug 2022,"₦120,000,000 ",Real Estate Consultancy Firm  09044759042 
2 Bedroom Fully Finished Apartment,2 bedroom flat / apartment for sale,"  1, Adesina, Opposite Lambe Street, Akowonjo, Alimosho, Lagos",Added on 28 Aug 2022,"₦25,000,000 ",Pertinence Group  07086577026 
Block Of Flats,14 bedroom block of flats for sale,"  Off Okunola, Egbeda, Alimosho, Lagos",Added on 09 Jun 2022,"₦40,000,000 ",Letsales.com.ng  07064937423 
Building Consist Of Four Numbers Of Three Bedroom Apartments,3 bedroom block of flats for sale,"  Igando, Alimosho, Lagos",Added on 16 Jul 2022,"₦28,000,000 ",Brokerlease Properties And Real Estate  08084833523  
Three Bedroom Bungalow,3 bedroom detached bungalow for sale,"  Igando, Alimosho, Lagos",Added on 22 Aug 2022,"₦8,000,000 ",Brokerlease Properties And Real Estate  08084833523 
Four Numbers Of Flat,2 bedroom block of flats for sale,"  Igando, Alimosho, Lagos",Added on 22 Aug 2022,"₦15,000,000 ",Brokerlease Properties And Real Estate  08084833523 
"5 Bedroom Mansion 2 Flat And Household Items Facilities, Micano Gen.",8 bedroom detached duplex for sale,"  Baruwa, Beside Gowon, Egbeda, Alimosho, Lagos",Added on 22 Aug 2022,"₦100,000,000 ",Temitope Global Team Services  07033714272 
Commercial 3 Plot Together On Major Express With C Of O,Commercial land for sale,"  Lasu Igando Road, Igando, Alimosho, Lagos",Added on 22 Aug 2022,"₦200,000,000 ",Temitope Global Team Services  07033714272 
Two Block Of 3 Bedroom Flats With A Bungalow On Two Plot Of Land,3 bedroom block of flats for sale,"  Off Agric Road, By Ara Junction, Egan, Igando, Alimosho, Lagos",Added on 21 Aug 2022,"₦80,000,000 ",Amerison Onorose Nig Ltd  +2348033956486 
An Exquisitely Newly Built 5 Bedroom Fully Detached Duplex With Bq,5 bedroom detached duplex for sale,"  Igando, Alimosho, Lagos",Added on 19 Aug 2022,"₦70,000,000 ",Loyalty Homes Limited & Autos Reg No 1738187  08169222741 
Executive 6 Bedroom Modern Duplex,6 bedroom detached duplex for sale,"  Unity Estate, Egbeda, Alimosho, Lagos",Added on 18 Aug 2022,"₦100,000,000 ",Loyalty Homes Limited & Autos Reg No 1738187  08169222741 
Bungalow,3 bedroom semi-detached bungalow for sale,"  Shagari Estate, Egbeda, Alimosho, Lagos",Added on 12 Aug 2022,"₦45,000,000 ",Grandmasters & Sons  08055051674 
"A Block Of 2 Number Of.3-bedroom Flats, 2 Number Of 2-bedroom Flatt And 2-b...",3 bedroom block of flats for sale,"  Olushesan Ishola Avenue By Oko Filling Station Opp G.h. M. Igondo, Alimosho, Lagos",Added on 11 Aug 2022,"₦100,000,000 ",Cletus Agadi And Company  08053968052 
A Plot Of Land At A Well Developed Location,Residential land for sale,"  Isheri Olofin, Alimosho, Lagos",Added on 28 Jul 2022,"₦4,500,000 ",Letsales.com.ng  07064937423 
Title,Description,Location,Date,Price,Marketed
One And Half Plot With Extension Along The Road,Mixed-use land for sale,"  Igando, Egbeda, Alimosho, Lagos",Added on 13 Jun 2021,"₦60,000,000 ",Brokerlease Properties And Real Estate  08084833523 
A Functional Hotel With 25 Rooms In A Serene Environment,25 bedroom hotel / guest house for sale,"  Lasu Isheri Expressway, Igando, Alimosho, Lagos",Added on 15 Jul 2022,"₦150,000,000 ",Amerison Onorose Nig Ltd  +2348033956486 
Furnished 6 Bedroom Detached Duplex With Bq,6 bedroom detached duplex for sale,"  Egbeda, Alimosho, Lagos",Added on 14 Jul 2022,"₦55,000,000 ",Skyrock Home Global Limited  08038328517 
Newly Built 6 Flat Of 2 Bedroom With 3 Bedroom Detached Duplex,3 bedroom block of flats for sale,"  Ponle Akowonjo, Egbeda, Alimosho, Lagos",Added on 06 Jul 2022,"₦130,000,000 ",Loyalty Homes Limited & Autos Reg No 1738187  08169222741 
2 Numbers Of 3 Bedroom To Roofing Level 60 X 100ft In A Serene Enivron,3 bedroom semi-detached duplex for sale,"  Lasu Isheri Expressway, Igando, Akesan, Alimosho, Lagos",Added on 05 Jul 2022,"₦16,000,000 ",Amerison Onorose Nig Ltd  +2348033956486 
2 Bedroom Duplex With 3 Toilet On A Quater Plot,2 bedroom detached duplex for sale,"  Mupta-alade Street, Isitu Road, Egan, Igando, Alimosho, Lagos",Added on 27 Jun 2022,"₦13,500,000 ",Amerison Onorose Nig Ltd  +2348033956486 
3/4 Plot Of Land In A Serene Environment,Land for sale,"  Abule - Onilu Behind Diamond Estate Phase 3, Hotel Busstop, Igando, Isheri Olofin, Alimosho, Lagos",Added on 27 Jun 2022,"₦13,000,000 ",Amerison Onorose Nig Ltd  +2348033956486 
Half Plot Of Land At Well Advanced Estate,Residential land for sale,"  Valley View Est Aboru Ipaja Road Lagos Under Agbado Oke Odo Lcda, Alimosho, Lagos",Added on 04 Dec 2021,"₦18,000,000 ",Letsales.com.ng  07064937423 
Newly Built 5 Bedroom Duplex With State Of The Art Creativity,5 bedroom detached duplex for sale,"  Ggowon Estate, Egbeda, Alimosho, Lagos",Added on 22 Dec 2021,"₦60,000,000 ",Letsales.com.ng  07064937423 
Luxury 4 Bedroom Duplex,4 bedroom detached duplex for sale,"  Gowon Estate, Egbeda, Alimosho, Lagos",Added on 15 Jun 2022,"₦65,000,000 ",Anibal Properties Global Logistics Limited  08103087198 
Land,Mixed-use land for sale,"  Jaiyeoba, Egbeda, Alimosho, Lagos",Added on 07 Jun 2022,"₦40,000,000 ",Kendan Property Services  08084789565 
2 Bedroom Apartment,2 bedroom flat / apartment for sale,"  Lambe, Akowonjo, Alimosho, Lagos",Added on 17 Mar 2022,"₦25,000,000 ",Alfafa Synergy  +2348068321289 
Tittle (exission) Emerald Court,Residential land for sale,"  Behind Diamond Estate, Lasu Igando Road., Isheri Olofin, Alimosho, Lagos",Added on 09 Nov 2021,"₦15,000,000 per plot ",Pertinence Properties Limited  09063148068 
Commercial Warehouse/supermarket,Warehouse for sale,"  Along Lasu Igando Isheri Road, Alimosho, Lagos",Added on 28 Oct 2021,"₦150,000,000 ",Noble Touch Properties  08028546708 
Executive Apartments With Shops,2 bedroom detached bungalow for sale,"  Oke Odo Baruwa, Egbeda, Alimosho, Lagos",Added on 17 Oct 2021,"₦35,000,000 ",Noble Touch Properties  08028546708 
Executive Luxury 4 Bedroom Fully Detached Duplex In A Gated Estate,4 bedroom detached duplex for sale,"  Ipaja Close To Gowon, Egbeda, Alimosho, Lagos",Added on 11 Sep 2022,"₦47,000,000 ",Temitope Global Team Services  07033714272 
6 Bedroom Duplex With Large Compound,6 bedroom detached duplex for sale,"  Serene Area, Off Lasu-igando Road, Isheri Olofin, Alimosho, Lagos",Added on 09 Sep 2022,"₦65,000,000 ",Toplift Realtors  08029763540 
Beautifully Finished 4 Bedroom Bungalow,4 bedroom house for sale,"  Egbeda, Alimosho, Lagos",Added on 08 Sep 2022,"₦35,000,000 ",Property Marketers  09132706486 
Well Built 3 Bedroom Bungalow With Bq,3 bedroom house for sale,"  Egbeda, Alimosho, Lagos",Added on 08 Sep 2022,"₦45,000,000 ",Property Marketers  09132706486 
Massive 5 Bedroom House With Attached 2 Bedroom And 3 Bedroom Apartment,5 bedroom detached duplex for sale,"  Unity Estate, Egbeda, Alimosho, Lagos",Added on 07 Sep 2022,"₦180,000,000 ",Win-winee Services Limited  08182078758 
Title,Description,Location,Date,Price,Marketed
Exquisitely Finished 4 Bedroom Bungalow,4 bedroom house for sale,"  Egbeda, Alimosho, Lagos",Added on 06 Sep 2022,"₦45,000,000 ",Property Marketers  09132706486 
Luxury Standard 6 Bedroom Duplex With 2 Siting Room In A Good Location,6 bedroom detached duplex for sale,"  Egbeda, Alimosho, Lagos",Added on 05 Sep 2022,"₦110,000,000 ",Temitope Global Team Services  07033714272 
Full Plot And Half With Demolishable Structure That Can Be Shared,Mixed-use land for sale,"  Dopemu, Akowonjo, Alimosho, Lagos",Added on 05 Sep 2022,"₦75,000,000 ",Temitope Global Team Services  07033714272 
4-bedroom Detached House On A Plot Of Land,4 bedroom house for sale,"  Egbeda, Alimosho, Lagos",Added on 02 Sep 2022,"₦75,000,000 ",Mcrich Consulting Limited  08030412154 
Solid 3 Bedroom Duplex,3 bedroom semi-detached duplex for sale,"  Gowon Estate, Egbeda, Alimosho, Lagos",Added on 31 Aug 2022,"₦35,000,000 ",Toplift Realtors  08029763540 
5 Bedroom Duplex With 2 Nos Of 2 Bedroom Flat,5 bedroom detached duplex for sale,"  Peace Estate, Baruwa, Egbeda, Alimosho, Lagos",Added on 31 Aug 2022,"₦100,000,000 ",Loyalty Homes Limited & Autos Reg No 1738187  08169222741 
A Quarter Plot Of Land,Residential land for sale,"  Gowon Estate, Egbeda, Alimosho, Lagos",Added on 30 Aug 2022,"₦10,000,000 ",Letsales.com.ng  07064937423 
A 30 Rooms Hotel In A Strategic Location,30 bedroom hotel / guest house for sale,"  Egbeda, Alimosho, Lagos",Added on 30 Aug 2022,"₦250,000,000 ",Letsales.com.ng  07064937423 
4 Bedroom Duplex With 2 Units Of 3 Bedroom Flat.,4 bedroom semi-detached duplex for sale,"  Glory Land Estate, Isheri., Isheri Olofin, Alimosho, Lagos",Added on 30 Aug 2022,"₦70,000,000 ",Real Estate Consultancy Firm  09044759042 
4 Numbers Of Self Contain Rooms Sitting On A 1 Plot Of Land,5 bedroom house for sale,"  Alagbada Bus-stop, Ijegun - Ikotun Road, Alimosho, Lagos",Added on 27 Aug 2022,"₦30,000,000 ",Global Ambassadors Property Management  07065456818 
Newly Built Luxury Apartment,15 bedroom flat / apartment for sale,"  Akowonjo, Alimosho, Lagos",Added on 21 Mar 2022,"₦120,000,000 ",Homeland Territory  +2348098089797 
Commercial Land,Commercial land for sale,"  Egbeda Idimu Road, Alimosho, Lagos",Added on 25 Aug 2022,"₦200,000,000 ",Maxim Concept Realtor  08100995024 
A 4 Bed Bungalow At A Good Location,4 bedroom detached bungalow for sale,"  Abule Odu, Egbeda, Alimosho, Lagos",Added on 25 Aug 2022,"₦28,000,000 ",Letsales.com.ng  07064937423 
6 Bedrooms Duplex,6 bedroom detached duplex for sale,"  Ait Estate, Alimosho, Lagos",Added on 24 Aug 2022,"₦45,000,000 ",Pyramid Bond Ltd  08096237542 
Executive Newly Built 4 Bedroom Flat On Half Plot Of Land,4 bedroom flat / apartment for sale,"  Abule Odu, Egbeda, Alimosho, Lagos",Added on 24 Aug 2022,"₦32,000,000 ",The Home Properties. A Division Of Onozefe Uzuazor Bridget Enterprise  07034194181 
Brand New Luxury 4 Bedroom Bungalow,4 bedroom house for sale,"  Abule Odu Egbeda Idimu Road, Egbeda, Alimosho, Lagos",Added on 22 Aug 2022,"₦35,000,000 ",Ademillion Homes  08035277500 
6 Units Of 3 Bedroom Flats On More Than 1 Plot Of Land(84/144). Title:,Block of flats for sale,"  Egbeda, Alimosho, Lagos",Added on 19 Aug 2022,"₦75,000,000 ",The Home Properties. A Division Of Onozefe Uzuazor Bridget Enterprise  07034194181 
A Block Of Six Units Of 3 Bedroom Flats,3 bedroom block of flats for sale,"  Unity Estate, Egbeda, Alimosho, Lagos",Added on 19 Aug 2022,"₦75,000,000 ",Peniel's Honour Limited  08034728642 
Elevated Bungalow,4 bedroom detached bungalow for sale,"  Santos Layout Estate, Akowonjo, Alimosho, Lagos",Added on 18 Aug 2022,"₦180,000,000 ",Akinhanmi & Associates  08072778326 
Federal Housing Allocation,4 bedroom detached duplex for sale,"  Glory Land Estate, Isheri Olofin, Alimosho, Lagos",Added on 17 Aug 2022,"₦70,000,000 ",Hassadek International Limited  08060222647 
Title,Description,Location,Date,Price,Marketed
C Of O,4 bedroom block of flats for sale,"  Isiba Oluwo, Egbeda, Alimosho, Lagos",Added on 16 Aug 2022,"₦80,000,000 ",Hassadek International Limited  08060222647 
A Full Plot Of Land In A Developed And Secured Estate,Residential land for sale,"  Gemade Estate Egbeda Lagos, Egbeda, Alimosho, Lagos",Added on 12 Aug 2022,"₦85,000,000 ",Letsales.com.ng  07064937423 
Fully Furnished 5 Bedroom Detached Duplex,5 bedroom detached duplex for sale,"  Royal Estate, Beside Diamond Estate, Egbeda, Alimosho, Lagos",Added on 10 Aug 2022,"₦60,000,000 ",Oip Properties  07061276409 
A 4 Bed Room Duplex In A Secured Environment,4 bedroom semi-detached duplex for sale,"  Gowon Estate Egbeda Lagos, Egbeda, Alimosho, Lagos",Added on 10 Aug 2022,"₦40,000,000 ",Letsales.com.ng  07064937423 
4 Bedroom Duplex With 2 Units Of 3 Bedroom Flat With C Of O,4 bedroom house for sale,"  Unity Estate, Egbeda, Alimosho, Lagos",Added on 10 Aug 2022,"₦40,000,000 ",Yfab Integrated Concept Ltd  2347035892822 
Complete Plot Of Land 3 Bedroom Flat Into 2 Place And 4 Shops In Front,3 bedroom detached bungalow for sale,"  Collage Bus Stop, Igando, Alimosho, Lagos",Added on 09 Aug 2022,"₦20,000,000 ",The Home Properties. A Division Of Onozefe Uzuazor Bridget Enterprise  07034194181 
Functioning Open Space Bar+ Swimming Pool With C Of O,Commercial property for sale,"  Egbeda, Alimosho, Lagos",Added on 07 Aug 2022,"₦60,000,000 ",Phemioba Global Concept  234 9091179905 
Federal Housing Allocation,2 bedroom block of flats for sale,"  Gowon Estate, Egbeda, Alimosho, Lagos",Added on 31 Jul 2022,"₦35,000,000 ",Hassadek International Limited  08060222647 
C Of O,4 bedroom detached duplex for sale,"  Abule Odu, Egbeda, Alimosho, Lagos",Added on 31 Jul 2022,"₦75,000,000 ",Hassadek International Limited  08060222647 
Lovely 4 Bedroom Detached Duplex,4 bedroom detached duplex for sale,"  Williams Estate, Egbeda, Alimosho, Lagos",Added on 30 Jul 2022,"₦47,000,000 ",Loyalty Homes Limited & Autos Reg No 1738187  08169222741 
"Block Of One Wing Of 6-bedroom, 2 Nos Sitting Rooms Duplex And 2 Nos",Block of flats for sale,"  Sewage Road, Gowon Estate., Egbeda, Alimosho, Lagos",Added on 29 Jul 2022,"₦120,000,000 ",The Home Properties. A Division Of Onozefe Uzuazor Bridget Enterprise  07034194181 
Multi-purpose Prime Land,Mixed-use land for sale,"  Miccom Bus Stop, Akowonjo Road., Egbeda, Alimosho, Lagos",Added on 28 Jul 2022,"₦200,000,000 ",Homeland Territory  +2348098089797 
Filling Station Approved Land,Commercial land for sale,"  Akowonjo Road Opp Access Bank, Egbeda, Alimosho, Lagos",Added on 28 Jul 2022,"₦400,000,000 ",Homeland Territory  +2348098089797 
Well Located Bungalow On Piece Of Land,Land for sale,"  Isheri Oshun By Four Square Bus Stop, Alimosho, Lagos",Added on 27 Jul 2022,"₦11,000,000 ",Eniola Ogunmuyide & Partners  08033910359 
4 Bedroom Fully Detached Duplex With Bq,4 bedroom detached duplex for sale,"  Ejigbadero Estate, Egbeda, Alimosho, Lagos",Added on 25 Jul 2022,"₦75,000,000 ",O.o.s Property Consult  08064386025 
4 Bedroom Terrace Duplex,4 bedroom terraced duplex for sale,"  Gowon Estate, Egbeda, Alimosho, Lagos",Added on 25 Jul 2022,"₦50,000,000 ",Loyalty Homes Limited & Autos Reg No 1738187  08169222741 
Fifteen Rooms Hotel Available,1 bedroom hotel / guest house for sale,"  Akesan, Igando, Alimosho, Lagos",Added on 25 Jul 2022,"₦100,000,000 ",Brokerlease Properties And Real Estate  08084833523 
Newly Built 4 Bedroom Fully Detached Duplex With B.q,4 bedroom house for sale,"  Within Ejigbadero Estate, Egbeda, Alimosho, Lagos",Added on 25 Jul 2022,"₦75,000,000 ",Elite Property Consult  08175122643 
Standard Four Flat Of 2 Bedroom On Full Plot Of Land,Block of flats for sale,"  Shasha, Orisunbare, Alimosho, Lagos",Added on 18 Jul 2022,"₦26,000,000 ",Temitope Global Team Services  07033714272 
Furnished 6 Bedrooms Duplex On 50 Feet By 100 Feet Land (500sqmt),6 bedroom detached duplex for sale,"  Isheri, Egbeda, Alimosho, Lagos",Added on 17 Jul 2022,"₦50,000,000 ",Balogun Owolabi&co  08102369565 
Title,Description,Location,Date,Price,Marketed
Land Available,Mixed-use land for sale,"  Isuti Road, Igando, Alimosho, Lagos",Added on 16 Jul 2022,"₦1,000,000 ",Brokerlease Properties And Real Estate  08084833523 
Executive Three Bedroom Bungalow With Bq,3 bedroom detached bungalow for sale,"  Igando, Alimosho, Lagos",Added on 16 Jul 2022,"₦26,000,000 ",Brokerlease Properties And Real Estate  08084833523 
2 Units Of 2 Bedrooms Duplexes With 8 Units Of 3 Bedroom Flats,2 bedroom block of flats for sale,"  Santos Estate,akowonjo, Egbeda, Alimosho, Lagos",Added on 15 Jul 2022,"₦120,000,000 ",Loyalty Homes Limited & Autos Reg No 1738187  08169222741 
Fabulous 5 Bedroom Detached Duplex,5 bedroom detached duplex for sale,"  Akesan Egbeda, Igando, Alimosho, Lagos",Added on 15 Jul 2022,"₦65,000,000 ",Loyalty Homes Limited & Autos Reg No 1738187  08169222741 
Commercial Full Plot Of Land With Demolishable Structure On Major Road,Commercial land for sale,"  Akowonjo Road, Akowonjo, Alimosho, Lagos",Added on 15 Jul 2022,"₦100,000,000 ",Temitope Global Team Services  07033714272 
Block Of 4units Of 3 Bedroom Flat House,3 bedroom block of flats for sale,"  Off Isheri Road Lagos Nigeria, Isheri Olofin, Alimosho, Lagos",Added on 14 May 2022,"₦45,000,000 ",Rotimi Estate Agent  08082631533 
6 Bedroom Detached Duplex,6 bedroom detached duplex for sale,"  Egbeda, Alimosho, Lagos",Added on 14 Jul 2022,"₦55,000,000 ",Leadspecialrealtor  08066983039 
3 Bedroom Bungalow Set On Almost A Full Plot Of Land,3 bedroom semi-detached duplex for sale,"  Lasu - Isheri Expressway, Igando, Akesan, Alimosho, Lagos",Added on 05 Jul 2022,"₦17,000,000 ",Amerison Onorose Nig Ltd  +2348033956486 
Existing Hospital Building On 4 Floors With 2 (nos) 3 Bedroom Flats,Commercial property for sale,"  Micom Bus, Egbeda, Alimosho, Lagos",Added on 04 Jul 2022,"₦100,000,000 ",Riyadh Realtors  08186711779 
Commercial 2 Storey Building Facing Major Express,Plaza / complex / mall for sale,"  Akowonjo, Alimosho, Lagos",Added on 03 Jul 2022,"₦130,000,000 ",Temitope Global Team Services  07033714272 
Commercial Two Plot Together Facing Major Express Road,Commercial land for sale,"  Akowonjo, Alimosho, Lagos",Added on 03 Jul 2022,"₦290,000,000 ",Temitope Global Team Services  07033714272 
Standard 5 Bedrooms Duplex With 2 Flats Of 3 Bedrooms,5 bedroom detached duplex for sale,"  Unity Estate, Egbeda, Alimosho, Lagos",Added on 03 Jul 2022,"₦36,000,000 ",Temitope Global Team Services  07033714272 
"Neat 16 Flats. Good For School, Hotel And Hostel Development",Block of flats for sale,"  Egbeda, Alimosho, Lagos",Added on 03 Jul 2022,"₦78,000,000 ",Temitope Global Team Services  07033714272 
Standard Decking Level Bungalow Of 3 Flats On Full Plot,Block of flats for sale,"  Dopemu, Akowonjo, Alimosho, Lagos",Added on 03 Jul 2022,"₦25,000,000 ",Temitope Global Team Services  07033714272 
Standard 8 Flats Together On Full Plot Of Land In A Good Location,Block of flats for sale,"  Shasha - Akowonjo, Alimosho, Lagos",Added on 03 Jul 2022,"₦33,000,000 ",Temitope Global Team Services  07033714272 
Half Plot Of Land With Demolishable Structure In A Serene Gated Street,Residential land for sale,"  Egbeda, Alimosho, Lagos",Added on 03 Jul 2022,"₦18,500,000 ",Temitope Global Team Services  07033714272 
Standard Plot Of Land On Tarred Gated Street With C Of O,Residential land for sale,"  Unity Estate, Egbeda, Alimosho, Lagos",Added on 03 Jul 2022,"₦35,000,000 ",Temitope Global Team Services  07033714272 
"Nice 13 Flats Together. Good For School, Hotel, Hostel Development. C Of O",Block of flats for sale,"  Unity Estate, Egbeda, Alimosho, Lagos",Added on 03 Jul 2022,"₦46,000,000 ",Temitope Global Team Services  07033714272 
Standard 4 Flat 3 Bedroom With Miniflat Bq On Tared Street C Of O,3 bedroom block of flats for sale,"  Egbeda, Alimosho, Lagos",Added on 03 Jul 2022,"₦45,000,000 ",Temitope Global Team Services  07033714272 
Executive 4 Bedroom Bungalow With 2 Parlours,4 bedroom detached bungalow for sale,"  Off Alake Bus Stop, Ikotun-idimu Road, Alimosho, Lagos",Added on 02 Jul 2022,"₦40,000,000 ",Loyalty Homes Limited & Autos Reg No 1738187  08169222741 
Title,Description,Location,Date,Price,Marketed
Executive Four Bedroom Detached Duplex,4 bedroom detached duplex for sale,"  Isheri, Egbeda, Alimosho, Lagos",Added on 28 Jun 2022,"₦65,000,000 ",Brokerlease Properties And Real Estate  08084833523 
Building Consist Of Four Numbers Of Three Bedroom,3 bedroom block of flats for sale,"  Isheri, Egbeda, Alimosho, Lagos",Added on 28 Jun 2022,"₦45,000,000 ",Brokerlease Properties And Real Estate  08084833523 
A Storey Building On 3 Plot Of Land,School for sale,"  Adexson Off Lasu Isheri Expressway, Akesan, Alimosho, Lagos",Added on 12 May 2022,"₦60,000,000 ",Amerison Onorose Nig Ltd  +2348033956486 
Well Maintained Detached Bungalows,5 bedroom detached bungalow for sale,"  Off Council Bus Stop, Isheri Olofin, Alimosho, Lagos",Added on 24 Jun 2022,"₦28,000,000 ",Springfield Properties  08034006578 
4-bedroom Duplex,4 bedroom detached duplex for sale,"  Egbeda Akowonjo, Egbeda, Alimosho, Lagos",Added on 21 Jun 2022,"₦170,000,000 ",Hgrl Property Services  08129201445 
Newly Built 5 Bedroom Detached Duplex With 2 Rooms Bq,5 bedroom detached duplex for sale,"  Gowon Estate, Egbeda, Alimosho, Lagos",Added on 21 Jun 2022,"₦120,000,000 ",Oip Properties  07061276409 
Executive Two Bedroom Apartment,2 bedroom flat / apartment for sale,"  Igando, Alimosho, Lagos",Added on 10 Jun 2022,"₦10,000,000 ",Brokerlease Properties And Real Estate  08084833523 
More Than Half Plot Of Land 372 Sqm,Land for sale,"  Off Idimu Road, Egbeda, Alimosho, Lagos",Added on 09 Jun 2022,"₦20,000,000 ",Yfab Integrated Concept Ltd  2347035892822 
Building Consist Of Eight Flat On Two Plot,3 bedroom block of flats for sale,"  Igando, Alimosho, Lagos",Added on 25 May 2022,"₦40,000,000 ",Brokerlease Properties And Real Estate  08084833523 
Beautifully Built 4 Bedroom Detached Duplex,4 bedroom detached duplex for sale,"  Gowon Estate, Egbeda, Alimosho, Lagos",Added on 24 May 2022,"₦65,000,000 ",Oip Properties  07061276409 
4 Flats Of 3 Bedroom And 2 Flays Of Mini Flat On A Full Plot Of Land,3 bedroom block of flats for sale,"  Araromi, Akesan, Alimosho, Lagos",Added on 23 May 2022,"₦38,000,000 ",Cnn Global Properties  08060071344 
A Plot Of Land Ripped For Redevelopment,Residential land for sale,"  Alafia Street Off Shasha Road, Egbeda, Alimosho, Lagos",Added on 22 May 2022,"₦22,000,000 ",Chidi Nwakwuoke & Co.  08062493276 
Brand New Luxury 3 Bedroom Terraced Bungalow,3 bedroom terraced bungalow for sale,"  Egbeda, Alimosho, Lagos",Added on 18 May 2022,"₦36,000,000 ",Chaman Law Firm  08024200080 
Exquisitely Finished 3 Bedroom Semi- Detached Bungalow,3 bedroom semi-detached bungalow for sale,"  Egbeda, Alimosho, Lagos",Added on 18 May 2022,"₦45,000,000 ",Chaman Law Firm  08024200080 
Elegant And Well Spacious 2 Bedroom Flat,2 bedroom house for sale,"  Isuti, Igando, Alimosho, Lagos",Added on 12 May 2022,"₦16,500,000 ",Chaman Law Firm  08024200080 
Fully And Well Serviced 3 Bedroom Flats,3 bedroom flat / apartment for sale,"  Igando, Alimosho, Lagos",Added on 12 May 2022,"₦10,650,000 ",Arti.syze  08022502839 
3 Bedroom Block Of 4 Flats With C Of O,3 bedroom house for sale,"  Unity Estate, Egbeda, Alimosho, Lagos",Added on 12 May 2022,"₦80,000,000 ",Phemioba Global Concept  234 9091179905 
Standard 6 Units Of Flats,3 bedroom flat / apartment for sale,"  Off Igando-idimu Road, Igando, Alimosho, Lagos",Added on 25 Apr 2022,"₦45,000,000 ",Seemuch Global Real Estate  08025527520 
Well Built Block Of Flats,21 bedroom block of flats for sale,"  Egbeda, Alimosho, Lagos",Added on 07 May 2022,"₦90,000,000 ",Homeland Territory  +2348098089797 
Executive Four Bedroom Detached Bungalow With Two Mini Flats,4 bedroom detached bungalow for sale,"  Igando, Alimosho, Lagos",Added on 05 May 2022,"₦28,000,000 ",Brokerlease Properties And Real Estate  08084833523 
Title,Description,Location,Date,Price,Marketed
Half Plot Of Land,Land for sale,"  Off Bamisile Street, Egbeda, Alimosho, Lagos",Added on 03 May 2022,"₦22,000,000 ",Yfab Integrated Concept Ltd  2347035892822 
Eight Numbers Of Two Bedroom,2 bedroom block of flats for sale,"  Igando, Alimosho, Lagos",Added on 26 Apr 2022,"₦60,000,000 ",Brokerlease Properties And Real Estate  08084833523 
A Building On Corner Piece Land,12 bedroom house for sale,"  Lade Talabi Close, Egbeda, Alimosho, Lagos",Added on 23 Apr 2022,"₦75,000,000 ",Homeland Territory  +2348098089797 
3 Bedroom Block Of 4 Flats And 2 Bedroom Duplex,3 bedroom block of flats for sale,"  Off Orelope Street, Egbeda, Alimosho, Lagos",Added on 08 Apr 2022,"₦45,000,000 ",Phemioba Global Concept  234 9091179905 
Block Of Flats,Block of flats for sale,"  Banmeke, Shasha, Alimosho, Lagos",Added on 21 Mar 2022,"₦30,000,000 ",Juli-gold & Co  08023845742 
Well Situated Fenced Plot Of Land In A Cool Environment,Residential land for sale,"  Gemade Estate, Egbeda, Alimosho, Lagos",Added on 18 Mar 2022,"₦80,000,000 ",Oip Properties  07061276409 
Strategically Placed Land,Land for sale,"  Ikotun Road, Alimosho, Lagos",Added on 10 Sep 2022,"₦17,000,000 ",Ayotola Ventures  09033421241 
Land Land,Mixed-use land for sale,"  Karimu Laka St Off Akowonjo Rd, Alimosho, Lagos",Added on 09 Sep 2022,"₦20,000,000 ",Ayotola Ventures  09033421241 
Land With Structure,Mixed-use land for sale,"  Governor's Road, Alimosho, Lagos",Added on 09 Sep 2022,"₦15,000,000 ",Ayotola Ventures  09033421241 
Land,Mixed-use land for sale,"  Liasu Road, Alimosho, Lagos",Added on 09 Sep 2022,"₦15,000,000 ",Ayotola Ventures  09033421241 
Bkocks Of 4 Flats Of 3 Bedroom And A Duplex,3 bedroom block of flats for sale,"  Igando, Alimosho, Lagos",Added on 08 Sep 2022,"₦45,000,000 ",Deemah Consult  08033690629 
A Modern 4 Bedroom Duplex In An Estate,4 bedroom detached duplex for sale,"  Isheri Olofin, Alimosho, Lagos",Added on 08 Sep 2022,"₦60,000,000 ",Cnn Global Properties  08060071344 
Land,Mixed-use land for sale,"  Akowonjo Rd, Egbeda, Alimosho, Lagos",Added on 08 Sep 2022,"₦18,000,000 ",Ayotola Ventures  09033421241 
Well Build Spacious 4 Bedroom Bungalow With Bq,4 bedroom house for sale,"  Egbeda, Alimosho, Lagos",Added on 05 Sep 2022,"₦45,000,000 ",Barosys Consulting  09058800857 
Block Of 6 Units 3 Bedroom Flats,Hotel / guest house for sale,"  Egbeda, Alimosho, Lagos",Added on 05 Sep 2022,"₦100,000,000 ",Conquerant Ventures  +2348182889280 
Luxury Standard 4 Flat Of 3 Bedroom With C Of O,Block of flats for sale,"  Akowonjo, Alimosho, Lagos",Added on 05 Sep 2022,"₦68,000,000 ",Temitope Global Team Services  07033714272 
Luxury 5 Bedroom Duplex With 2 Flat Of 2 Bedroom In Gated Estate.c Of O,Block of flats for sale,"  Gated Estate Dopemu, Akowonjo, Alimosho, Lagos",Added on 05 Sep 2022,"₦85,000,000 ",Temitope Global Team Services  07033714272 
Executive Luxury 3 Bedroom And 2 Bedroom With Miniflat In A Gated Estate,Block of flats for sale,"  Shasha, Alimosho, Lagos",Added on 04 Sep 2022,"₦55,000,000 ",Temitope Global Team Services  07033714272 
3-bedroom Apartment,3 bedroom flat / apartment for sale,"  Flat 4, Block 25, Kings Court Estate Sasha, Akowonjo, Alimosho, Lagos",Added on 02 Sep 2022,"₦21,000,000 ",Delmor Shortlet Apartments  07062502045 
Modern 4 Flats Of 3 Bedrooms,3 bedroom block of flats for sale,"  Close In Akowonjo, Alimosho, Lagos",Added on 25 Aug 2022,"₦70,000,000 ",The Home Properties. A Division Of Onozefe Uzuazor Bridget Enterprise  07034194181 
Title,Description,Location,Date,Price,Marketed
Corner Piece 4(no) 3 Bedroom Bungalow On 2000sqm,3 bedroom detached bungalow for sale,"  Off Arobaba Road, Egbeda, Alimosho, Lagos",Added on 26 Aug 2022,"₦150,000,000 ",Feada Properties & Resource Dev. Ltd  08063054093 
Big Hospital,Hostel for sale,"  Akowonjo, Alimosho, Lagos",Added on 26 Aug 2022,"₦170,000,000 ",The Home Properties. A Division Of Onozefe Uzuazor Bridget Enterprise  07034194181 
"Tastefully Renovated 3bedrms Flat, All Rms En-suite, Tiled,pop 2 Floor",3 bedroom block of flats for sale,"  Jakande Estate Abesan Ipaja, Alimosho, Lagos",Added on 23 Aug 2022,"₦15,000,000 ",Debco Properties  08084310722 
6 Units 2 Bedroom Flats With 3 Bedroom Duplex,2 bedroom block of flats for sale,"  Ponle, Akowonjo, Alimosho, Lagos",Added on 22 Aug 2022,"₦120,000,000 ",Kasley Properties Ltd.  08035877197 
A Plot Of Land,Residential land for sale,"  Treasure Hilltop Estate, Alagbado, Alimosho, Lagos",Added on 21 Aug 2022,"₦15,000,000 ",Chosen One Optimum Resources Ltd  +2349012549358 
3-storey Building,3 bedroom block of flats for sale,"  Akowonjo, Alimosho, Lagos",Added on 18 Aug 2022,"₦150,000,000 ",Megagold Global Resources  08132820002 
Survey And Receipt,1 bedroom mini flat (room and parlour) for sale,"  Akesan, Alimosho, Lagos",Added on 15 Aug 2022,"₦20,000,000 ",Hassadek International Limited  08060222647 
Four (4) Nos 3 Bedrooms Bungalow On 2000 Sqm Of Land,3 bedroom detached bungalow for sale,"  Off Arobaba Road, Egbeda, Alimosho, Lagos",Added on 12 Aug 2022,"₦165,000,000 ",Krizadok Links International  08037911888 
2 Bedroom Bungalow Setback + Uncompleted Structure On A Full Plot,House for sale,"  Unity Estate, Egbeda, Alimosho, Lagos",Added on 10 Aug 2022,"₦38,000,000 ",Yfab Integrated Concept Ltd  2347035892822 
4 Units Of 3 Bedroom Flat,3 bedroom block of flats for sale,"  Egbeda, Alimosho, Lagos",Added on 07 Aug 2022,"₦60,000,000 ",The Home Properties. A Division Of Onozefe Uzuazor Bridget Enterprise  07034194181 
4 Bedrooms Duplex With 2 Bedroom Apartment And Bq,4 bedroom detached duplex for sale,"  Abule-odu, Alimosho, Lagos",Added on 06 Aug 2022,"₦75,000,000 ",The Home Properties. A Division Of Onozefe Uzuazor Bridget Enterprise  07034194181 
Lovely 4 Bedroom Duplex,4 bedroom detached duplex for sale,"  Gowon Estate, Egbeda, Alimosho, Lagos",Added on 30 Jul 2022,"₦85,000,000 ",Loyalty Homes Limited & Autos Reg No 1738187  08169222741 
8 And Half Plot Of Land Facing The Expressway In A Serene Environment,Land for sale,"  Akesan, Off Lasu Isheri Expressway, Igando, Alimosho, Lagos",Added on 06 Jan 2022,"₦350,000,000 ",Amerison Onorose Nig Ltd  +2348033956486 
A 3 Bedroom Duplex With A Mini Flat At The Bq In A Serene Environment,3 bedroom terraced duplex for sale,"  Adexson Busstop, Akesan, Lasu Isheri Expressway, Igando, Alimosho, Lagos",Added on 13 Mar 2022,"₦35,000,000 ",Amerison Onorose Nig Ltd  +2348033956486 
Tastefully And Luxurious 6 Bedroom Duplex Fully Furnished Conventional,6 bedroom detached duplex for sale,"  Egbeda, Alimosho, Lagos",Added on 25 Jul 2022,"₦45,000,000 ",Usefultechsolution  09056111402 
Land Size Of 300sqm,Residential land for sale,"  Alimosho, Lagos",Added on 15 Jul 2022,"₦3,000,000 ",  +4915175390621 
Lovely 6 Bedroom Detached Duplex,6 bedroom detached duplex for sale,"  Egbeda, Alimosho, Lagos",Added on 15 Jul 2022,"₦45,000,000 ",Loyalty Homes Limited & Autos Reg No 1738187  08169222741 
Commercial 270sqm Land With Demolishable Structure,Commercial land for sale,"  Major Akowonjo Road, Akowonjo, Alimosho, Lagos",Added on 15 Jul 2022,"₦20,000,000 ",Temitope Global Team Services  07033714272 
Functioning Hotel With 9 Shops In Front,Hotel / guest house for sale,"  Gowon Estate, Egbeda, Alimosho, Lagos",Added on 09 Jul 2022,"₦85,000,000 ",Loyalty Homes Limited & Autos Reg No 1738187  08169222741 
House,5 bedroom block of flats for sale,"  Celestial Road Igando Town, Igando, Alimosho, Lagos",Added on 07 Jul 2022,"₦70,000,000 ",Okeyode Gbola & Associate  08035821259 
Title,Description,Location,Date,Price,Marketed
Standard More Than Full Plot Of Land With Uncompleted Structure,Residential land for sale,"  Shasha - Akowonjo, Alimosho, Lagos",Added on 03 Jul 2022,"₦18,000,000 ",Temitope Global Team Services  07033714272 
Executive Two Flats Of 3 Bedroom With 2 Numbers Of 2 Bedroom On More Than A Plot,Block of flats for sale,"  Shasha - Akowonjo, Alimosho, Lagos",Added on 03 Jul 2022,"₦45,000,000 ",Temitope Global Team Services  07033714272 
Standard 4 Flats On Half Plot With 2 Gates In A Good Location,Block of flats for sale,"  Shasha - Akowonjo, Alimosho, Lagos",Added on 03 Jul 2022,"₦22,000,000 ",Temitope Global Team Services  07033714272 
Standard Half Plot Of Land In A Good Location,Residential land for sale,"  Unity Estate, Egbeda, Alimosho, Lagos",Added on 03 Jul 2022,"₦20,000,000 ",Temitope Global Team Services  07033714272 
Vacant Possession Block Of Flats And A Big Shop,3 bedroom house for sale,"  Off Akowonjo Road, Akowonjo, Alimosho, Lagos",Added on 03 Jul 2022,"₦36,000,000 ",Phemioba Global Concept  234 9091179905 
Full Plot Of Land With 2 Bedroom Bungalow Setback,Land for sale,"  Unity Estate, Egbeda, Alimosho, Lagos",Added on 03 Jul 2022,"₦37,000,000 ",Phemioba Global Concept  234 9091179905 
Land Measuring 1950sqm,Commercial land for sale,"  Along Idimu Egbeda Road, By Domino Supermarket, Egbeda, Alimosho, Lagos",Added on 21 Apr 2021,"₦175,000,000 ",Keland & Associates  09094293351 
3 Bedrooms Flat,3 bedroom flat / apartment for sale,"  King's Court Estate Phase 2, Abesan Estate, Alimosho, Lagos",Added on 19 Feb 2022,"₦22,000,000 ",Tennyrealty  07063357229 
One Plot Of Land,Residential land for sale,"  Banana Layout, Alimosho, Lagos",Added on 19 Jun 2022,"₦13,000,000 per plot ",Cymonic  080333180064 
3 Bedroom Block Of 4 Flats With C Of O,3 bedroom block of flats for sale,"  Unity Estate, Egbeda, Alimosho, Lagos",Added on 31 May 2022,"₦63,000,000 ",Yfab Integrated Concept Ltd  2347035892822 
Full Plot Land In A Secured Well Organized Estate Can Also Be Shared,Residential land for sale,"  Gemade Estate, Egbeda, Alimosho, Lagos",Added on 18 Feb 2021,"₦110,000,000 ",Letsales.com.ng  07064937423 
"A Plot Of Land With C Of O, Close To The Express Way",Mixed-use land for sale,"  Anthony Eze Street,ewedogbo Bus Stop, ,lasu/iseri Express Way, Akesan, Alimosho, Lagos",Added on 22 May 2022,"₦22,000,000 ",Cnn Global Properties  08060071344 
Tastefully Finished 5 Bedroom Fully Detached Duplex,5 bedroom detached duplex for sale,"  Gowon Estate, Egbeda, Alimosho, Lagos",Added on 02 Dec 2021,"₦65,000,000 ",Mabco-dee Investments Limited  08058317500 
2 Plots Of Land,Residential land for sale,"  Egbeda, Alimosho, Lagos",Added on 13 May 2022,"₦47,000,000 ",Cnn Global Properties  08060071344 
One And Half Plots Of Land,Mixed-use land for sale,"  Off Egbeda Bus Stop, Egbeda, Alimosho, Lagos",Added on 10 May 2022,"₦42,000,000 ",Cnn Global Properties  08060071344 
2 Plots Of Land,Mixed-use land for sale,"  Orelope Street, Egbeda, Alimosho, Lagos",Added on 09 May 2022,"₦80,000,000 ",Cnn Global Properties  08060071344 
3 Bedroom Block Of 4 Flats With C Of O,3 bedroom house for sale,"  Unity Estate, Egbeda, Alimosho, Lagos",Added on 07 May 2022,"₦60,000,000 ",Phemioba Global Concept  234 9091179905 
2 Bedroom Flat With Mini Flat And Room Self On Half Plot Of Land,2 bedroom house for sale,"  Unity Estate, Egbeda, Alimosho, Lagos",Added on 07 May 2022,"₦27,000,000 ",Phemioba Global Concept  234 9091179905 
6 Bedroom Duplex In A Large Compound,6 bedroom detached duplex for sale,"  Vulcanizer Road, Egbeda, Alimosho, Lagos",Added on 25 Apr 2022,"₦48,000,000 ",Medisco Properties  09153895462 
Block Of Flats,3 bedroom block of flats for sale,"  Kareem Lake, Egbeda, Alimosho, Lagos",Added on 25 Apr 2022,"₦75,000,000 ",Zenith Properties Ltd  09026947387 
